Workbook

Sheet Recetario
A1: Plato | B1: Categoría | C1: Estilo | D1: Curso | E1: Batch/Tupper | F1: Kcal | G1: Proteína (g) | H1: Hidratos (g) | I1: Grasa (g)
A2: Alubias con verduras | B2: Legumbres | C2: Casero | D2: Primero | E2: Sí | F2: 460 | G2: 22 | H2: 58 | I2: 12
A3: Burger de lentejas y remolacha | B3: Legumbres | C3: Casero | D3: Segundo | E3: Sí | F3: 460 | G3: 22 | H3: 54 | I3: 16
A4: Chili con carne | B4: Legumbres | C4: Mexicano | D4: Segundo | E4: Sí | F4: 520 | G4: 34 | H4: 48 | I4: 18
A5: Curry de garbanzos y espinacas | B5: Legumbres | C5: Indio | D5: Primero | E5: Sí | F5: 480 | G5: 20 | H5: 58 | I5: 16
A6: Dal de lentejas rojas | B6: Legumbres | C6: Indio | D6: Primero | E6: Sí | F6: 440 | G6: 22 | H6: 60 | I6: 10
A7: Ensalada de garbanzos, tomate y atún | B7: Legumbres | C7: Casero | D7: Primero | E7: — | F7: 460 | G7: 28 | H7: 40 | I7: 20
A8: Ensalada templada de lentejas | B8: Legumbres | C8: Casero | D8: Cena | E8: — | F8: 480 | G8: 24 | H8: 54 | I8: 16
A9: Falafel al horno con ensalada | B9: Legumbres | C9: Árabe | D9: Segundo | E9: Sí | F9: 460 | G9: 20 | H9: 52 | I9: 18
A10: Garbanzos con espinacas | B10: Legumbres | C10: Casero | D10: Primero | E10: Sí | F10: 540 | G10: 24 | H10: 62 | I10: 20
A11: Garbanzos con espinacas y bacalao | B11: Legumbres | C11: Casero | D11: Primero | E11: Sí | F11: 500 | G11: 34 | H11: 46 | I11: 16
A12: Hummus con crudités | B12: Legumbres | C12: Árabe | D12: Peques (niños) | E12: Sí | F12: 340 | G12: 12 | H12: 32 | I12: 18
A13: Lentejas a la jardinera | B13: Legumbres | C13: Casero | D13: Primero | E13: Sí | F13: 480 | G13: 24 | H13: 60 | I13: 12
... A167: Tortilla francesa con jamón | B167: Huevos | C167: Casero | D167: Cena | E167: — | F167: 380 | G167: 24 | H167: 10 | I167: 24
A169: Macros estimadas por ración estándar de adulto (no es medición). Niños ≈ ×0,6. Batch/Tupper = se cocina por lotes y se conserva/recalienta bien (orientativo).

Sheet Resumen por grupo
A1: Categoría | B1: Nº platos | C1: Nº batch | D1: Kcal media | E1: Proteína media (g) | F1: Hidratos media (g) | G1: Grasa media (g) | I1: Estilo / cocina | J1: Nº platos | K1: Kcal media
A2: Legumbres | B2: =COUNTIF(Recetario!$B$2:$B$167,$A2) -> 17 | C2: =COUNTIFS(Recetario!$B$2:$B$167,$A2,Recetario!$E$2:$E$167,"Sí") -> 13 | D2: =AVERAGEIF(Recetario!$B$2:$B$167,$A2,Recetario!F$2:F$167) -> 470.58824 | E2: =AVERAGEIF(Recetario!$B$2:$B$167,$A2,Recetario!G$2:G$167) -> 23.882353 | F2: =AVERAGEIF(Recetario!$B$2:$B$167,$A2,Recetario!H$2:H$167) -> 52.470588 | G2: =AVERAGEIF(Recetario!$B$2:$B$167,$A2,Recetario!I$2:I$167) -> 16 | I2: Asiático | J2: =COUNTIF(Recetario!$C$2:$C$167,$I2) -> 14 | K2: =AVERAGEIF(Recetario!$C$2:$C$167,$I2,Recetario!F$2:F$167) -> 485.71429
A3: Verduras | B3: =COUNTIF(Recetario!$B$2:$B$167,$A3) -> 20 | C3: =COUNTIFS(Recetario!$B$2:$B$167,$A3,Recetario!$E$2:$E$167,"Sí") -> 9 | D3: =AVERAGEIF(Recetario!$B$2:$B$167,$A3,Recetario!F$2:F$167) -> 337 | E3: =AVERAGEIF(Recetario!$B$2:$B$167,$A3,Recetario!G$2:G$167) -> 16.35 | F3: =AVERAGEIF(Recetario!$B$2:$B$167,$A3,Recetario!H$2:H$167) -> 30.2 | G3: =AVERAGEIF(Recetario!$B$2:$B$167,$A3,Recetario!I$2:I$167) -> 16.45 | I3: Casero | J3: =COUNTIF(Recetario!$C$2:$C$167,$I3) -> 64 | K3: =AVERAGEIF(Recetario!$C$2:$C$167,$I3,Recetario!F$2:F$167) -> 432.5
A4: Ensaladas | B4: =COUNTIF(Recetario!$B$2:$B$167,$A4) -> 11 | C4: =COUNTIFS(Recetario!$B$2:$B$167,$A4,Recetario!$E$2:$E$167,"Sí") -> 2 | D4: =AVERAGEIF(Recetario!$B$2:$B$167,$A4,Recetario!F$2:F$167) -> 409.09091 | E4: =AVERAGEIF(Recetario!$B$2:$B$167,$A4,Recetario!G$2:G$167) -> 21.272727 | F4: =AVERAGEIF(Recetario!$B$2:$B$167,$A4,Recetario!H$2:H$167) -> 33.090909 | G4: =AVERAGEIF(Recetario!$B$2:$B$167,$A4,Recetario!I$2:I$167) -> 20.636364 | I4: Español | J4: =COUNTIF(Recetario!$C$2:$C$167,$I4) -> 7 | K4: =AVERAGEIF(Recetario!$C$2:$C$167,$I4,Recetario!F$2:F$167) -> 342.85714
A5: Sopas y cremas | B5: =COUNTIF(Recetario!$B$2:$B$167,$A5) -> 12 | C5: =COUNTIFS(Recetario!$B$2:$B$167,$A5,Recetario!$E$2:$E$167,"Sí") -> 10 | D5: =AVERAGEIF(Recetario!$B$2:$B$167,$A5,Recetario!F$2:F$167) -> 273.33333 | E5: =AVERAGEIF(Recetario!$B$2:$B$167,$A5,Recetario!G$2:G$167) -> 11.166667 | F5: =AVERAGEIF(Recetario!$B$2:$B$167,$A5,Recetario!H$2:H$167) -> 31.333333 | G5: =AVERAGEIF(Recetario!$B$2:$B$167,$A5,Recetario!I$2:I$167) -> 11.25 | I5: Griego | J5: =COUNTIF(Recetario!$C$2:$C$167,$I5) -> 2 | K5: =AVERAGEIF(Recetario!$C$2:$C$167,$I5,Recetario!F$2:F$167) -> 430
A6: Pasta | B6: =COUNTIF(Recetario!$B$2:$B$167,$A6) -> 13 | C6: =COUNTIFS(Recetario!$B$2:$B$167,$A6,Recetario!$E$2:$E$167,"Sí") -> 4 | D6: =AVERAGEIF(Recetario!$B$2:$B$167,$A6,Recetario!F$2:F$167) -> 556.92308 | E6: =AVERAGEIF(Recetario!$B$2:$B$167,$A6,Recetario!G$2:G$167) -> 24.153846 | F6: =AVERAGEIF(Recetario!$B$2:$B$167,$A6,Recetario!H$2:H$167) -> 76.615385 | G6: =AVERAGEIF(Recetario!$B$2:$B$167,$A6,Recetario!I$2:I$167) -> 16.307692 | I6: Indio | J6: =COUNTIF(Recetario!$C$2:$C$167,$I6) -> 5 | K6: =AVERAGEIF(Recetario!$C$2:$C$167,$I6,Recetario!F$2:F$167) -> 516
A7: Arroz y cereales | B7: =COUNTIF(Recetario!$B$2:$B$167,$A7) -> 11 | C7: =COUNTIFS(Recetario!$B$2:$B$167,$A7,Recetario!$E$2:$E$167,"Sí") -> 4 | D7: =AVERAGEIF(Recetario!$B$2:$B$167,$A7,Recetario!F$2:F$167) -> 540 | E7: =AVERAGEIF(Recetario!$B$2:$B$167,$A7,Recetario!G$2:G$167) -> 23.545455 | F7: =AVERAGEIF(Recetario!$B$2:$B$167,$A7,Recetario!H$2:H$167) -> 74.181818 | G7: =AVERAGEIF(Recetario!$B$2:$B$167,$A7,Recetario!I$2:I$167) -> 15.363636 | I7: Italiano | J7: =COUNTIF(Recetario!$C$2:$C$167,$I7) -> 18 | K7: =AVERAGEIF(Recetario!$C$2:$C$167,$I7,Recetario!F$2:F$167) -> 503.33333
A8: Pescado | B8: =COUNTIF(Recetario!$B$2:$B$167,$A8) -> 19 | C8: =COUNTIFS(Recetario!$B$2:$B$167,$A8,Recetario!$E$2:$E$167,"Sí") -> 5 | D8: =AVERAGEIF(Recetario!$B$2:$B$167,$A8,Recetario!F$2:F$167) -> 454.73684 | E8: =AVERAGEIF(Recetario!$B$2:$B$167,$A8,Recetario!G$2:G$167) -> 38.210526 | F8: =AVERAGEIF(Recetario!$B$2:$B$167,$A8,Recetario!H$2:H$167) -> 20.631579 | G8: =AVERAGEIF(Recetario!$B$2:$B$167,$A8,Recetario!I$2:I$167) -> 21.526316 | I8: Marroquí | J8: =COUNTIF(Recetario!$C$2:$C$167,$I8) -> 2 | K8: =AVERAGEIF(Recetario!$C$2:$C$167,$I8,Recetario!F$2:F$167) -> 510
A9: Marisco | B9: =COUNTIF(Recetario!$B$2:$B$167,$A9) -> 10 | C9: =COUNTIFS(Recetario!$B$2:$B$167,$A9,Recetario!$E$2:$E$167,"Sí") -> 3 | D9: =AVERAGEIF(Recetario!$B$2:$B$167,$A9,Recetario!F$2:F$167) -> 324 | E9: =AVERAGEIF(Recetario!$B$2:$B$167,$A9,Recetario!G$2:G$167) -> 31 | F9: =AVERAGEIF(Recetario!$B$2:$B$167,$A9,Recetario!H$2:H$167) -> 16.2 | G9: =AVERAGEIF(Recetario!$B$2:$B$167,$A9,Recetario!I$2:I$167) -> 12.9 | I9: Mediterráneo | J9: =COUNTIF(Recetario!$C$2:$C$167,$I9) -> 44 | K9: =AVERAGEIF(Recetario!$C$2:$C$167,$I9,Recetario!F$2:F$167) -> 391.81818
A10: Pollo | B10: =COUNTIF(Recetario!$B$2:$B$167,$A10) -> 27 | C10: =COUNTIFS(Recetario!$B$2:$B$167,$A10,Recetario!$E$2:$E$167,"Sí") -> 14 | D10: =AVERAGEIF(Recetario!$B$2:$B$167,$A10,Recetario!F$2:F$167) -> 498.51852 | E10: =AVERAGEIF(Recetario!$B$2:$B$167,$A10,Recetario!G$2:G$167) -> 39.037037 | F10: =AVERAGEIF(Recetario!$B$2:$B$167,$A10,Recetario!H$2:H$167) -> 31.111111 | G10: =AVERAGEIF(Recetario!$B$2:$B$167,$A10,Recetario!I$2:I$167) -> 21.481481 | I10: Mexicano | J10: =COUNTIF(Recetario!$C$2:$C$167,$I10) -> 5 | K10: =AVERAGEIF(Recetario!$C$2:$C$167,$I10,Recetario!F$2:F$167) -> 516
A11: Carne | B11: =COUNTIF(Recetario!$B$2:$B$167,$A11) -> 13 | C11: =COUNTIFS(Recetario!$B$2:$B$167,$A11,Recetario!$E$2:$E$167,"Sí") -> 5 | D11: =AVERAGEIF(Recetario!$B$2:$B$167,$A11,Recetario!F$2:F$167) -> 481.53846 | E11: =AVERAGEIF(Recetario!$B$2:$B$167,$A11,Recetario!G$2:G$167) -> 37.076923 | F11: =AVERAGEIF(Recetario!$B$2:$B$167,$A11,Recetario!H$2:H$167) -> 24.923077 | G11: =AVERAGEIF(Recetario!$B$2:$B$167,$A11,Recetario!I$2:I$167) -> 23.230769 | I11: Árabe | J11: =COUNTIF(Recetario!$C$2:$C$167,$I11) -> 5 | K11: =AVERAGEIF(Recetario!$C$2:$C$167,$I11,Recetario!F$2:F$167) -> 416
A12: Huevos | B12: =COUNTIF(Recetario!$B$2:$B$167,$A12) -> 13 | C12: =COUNTIFS(Recetario!$B$2:$B$167,$A12,Recetario!$E$2:$E$167,"Sí") -> 3 | D12: =AVERAGEIF(Recetario!$B$2:$B$167,$A12,Recetario!F$2:F$167) -> 384.61538 | E12: =AVERAGEIF(Recetario!$B$2:$B$167,$A12,Recetario!G$2:G$167) -> 21 | F12: =AVERAGEIF(Recetario!$B$2:$B$167,$A12,Recetario!H$2:H$167) -> 18.769231 | G12: =AVERAGEIF(Recetario!$B$2:$B$167,$A12,Recetario!I$2:I$167) -> 23.846154
A13: Total / media | B13: =SUM(B2:B12) -> 166 | C13: =SUM(C2:C12) -> 72 | D13: =AVERAGE(Recetario!F$2:F$167) -> 435.54217 | E13: =AVERAGE(Recetario!G$2:G$167) -> 27.222892 | F13: =AVERAGE(Recetario!H$2:H$167) -> 36.204819 | G13: =AVERAGE(Recetario!I$2:I$167) -> 18.518072
